narrative_id,token_id,topic,start_time,end_time,posts
n0001,NEURA,Trend: Gems Primed Buy,2025-01-01 00:24:38,2025-03-31 23:33:18,"p0000001,p0000028,p0000078,p0000152,p0000221,p0000222,p0000238,p0000297,p0000310,p0000373,p0000416,p0000422,p0000435,p0000493,p0000546,p0000594,p0000610,p0000643,p0000661,p0000679"
n0002,NEURA,Trend: Just Neura Market,2025-01-01 00:17:06,2025-03-31 23:49:18,"p0000013,p0000019,p0000021,p0000024,p0000029,p0000030,p0000037,p0000047,p0000048,p0000053,p0000075,p0000089,p0000093,p0000097,p0000122,p0000132,p0000147,p0000148,p0000153,p0000154"
n0003,NEURA,Trend: Word Target Attention,2025-01-01 00:06:08,2025-03-31 23:47:13,"p0000002,p0000034,p0000064,p0000121,p0000306,p0000348,p0000378,p0000631,p0000736,p0000884,p0000915,p0000954,p0000967,p0001040,p0001091,p0001301,p0001351,p0001352,p0001354,p0001510"
n0004,TAO,Trend: Just Tao Market,2025-01-01 00:07:23,2025-03-31 23:27:19,"p0000003,p0000033,p0000061,p0000062,p0000076,p0000082,p0000088,p0000111,p0000115,p0000116,p0000126,p0000136,p0000145,p0000156,p0000159,p0000175,p0000184,p0000194,p0000200,p0000210"
n0005,TAO,Trend: Moon Primed Miss,2025-01-01 00:01:28,2025-03-31 21:19:37,"p0000059,p0000074,p0000092,p0000124,p0000213,p0000223,p0000260,p0000366,p0000386,p0000405,p0000421,p0000520,p0000538,p0000552,p0000658,p0000683,p0000803,p0000853,p0000880,p0000926"
n0006,TAO,Trend: Word Target Attention,2025-01-01 00:20:21,2025-03-31 22:40:08,"p0000036,p0000050,p0000052,p0000068,p0000072,p0000079,p0000278,p0000503,p0000504,p0000505,p0000562,p0000580,p0000678,p0000825,p0000890,p0000931,p0000975,p0001032,p0001060,p0001178"
n0007,XCY,Trend: Partnership Major Rumors,2025-01-01 00:13:51,2025-03-31 21:00:48,"p0000012,p0000032,p0000085,p0000094,p0000131,p0000165,p0000186,p0000251,p0000256,p0000279,p0000331,p0000370,p0000401,p0000489,p0000528,p0000557,p0000582,p0000617,p0000712,p0000717"
n0008,XCY,Trend: Moon Miss 1000X,2025-01-01 00:34:15,2025-03-31 23:51:31,"p0000095,p0000101,p0000114,p0000139,p0000141,p0000158,p0000188,p0000250,p0000347,p0000383,p0000413,p0000426,p0000434,p0000455,p0000534,p0000555,p0000577,p0000611,p0000680,p0000747"
n0009,XCY,Trend: Just Xcy Signals,2025-01-01 00:04:13,2025-03-31 23:56:22,"p0000004,p0000007,p0000023,p0000044,p0000054,p0000058,p0000067,p0000096,p0000130,p0000137,p0000138,p0000144,p0000151,p0000160,p0000170,p0000182,p0000187,p0000189,p0000198,p0000212"
n0010,BLOC,Trend: Word Target Attention,2025-01-01 01:17:38,2025-03-31 23:08:23,"p0000134,p0000255,p0000332,p0000392,p0000397,p0000431,p0000547,p0000642,p0000644,p0000697,p0000771,p0000798,p0000812,p0001114,p0001234,p0001342,p0001552,p0001557,p0001644,p0001682"
n0011,BLOC,Trend: Miss Opportunity Crypto,2025-01-01 00:44:48,2025-03-31 23:57:49,"p0000127,p0000209,p0000254,p0000282,p0000302,p0000335,p0000353,p0000356,p0000377,p0000445,p0000499,p0000506,p0000513,p0000575,p0000639,p0000659,p0000733,p0000742,p0000821,p0000879"
n0012,BLOC,Trend: Just Bloc Market,2025-01-01 00:08:42,2025-03-31 23:56:15,"p0000005,p0000008,p0000009,p0000015,p0000016,p0000022,p0000025,p0000035,p0000042,p0000087,p0000102,p0000108,p0000112,p0000162,p0000173,p0000177,p0000192,p0000196,p0000204,p0000208"
n0013,OMNI,Trend: Just Omni Market,2025-01-01 00:08:10,2025-03-31 23:27:56,"p0000006,p0000010,p0000031,p0000041,p0000046,p0000055,p0000056,p0000057,p0000069,p0000086,p0000100,p0000103,p0000104,p0000105,p0000118,p0000143,p0000150,p0000163,p0000211,p0000215"
n0014,OMNI,Trend: Primed Buy Moon,2025-01-01 00:08:22,2025-03-31 23:51:51,"p0000017,p0000039,p0000109,p0000146,p0000174,p0000176,p0000206,p0000217,p0000245,p0000272,p0000328,p0000367,p0000427,p0000439,p0000448,p0000463,p0000473,p0000537,p0000564,p0000593"
n0015,OMNI,Trend: Pools Inflows Overbought,2025-01-01 01:12:29,2025-03-31 21:27:59,"p0000045,p0000107,p0000113,p0000125,p0000168,p0000190,p0000239,p0000261,p0000304,p0000352,p0000389,p0000404,p0000446,p0000525,p0000549,p0000579,p0000672,p0000705,p0000778,p0000910"
n0016,RNDR,Trend: Just Rndr Market,2025-01-01 00:01:33,2025-03-31 23:28:50,"p0000011,p0000018,p0000026,p0000051,p0000066,p0000081,p0000083,p0000091,p0000099,p0000110,p0000119,p0000135,p0000140,p0000142,p0000149,p0000161,p0000166,p0000180,p0000181,p0000193"
n0017,RNDR,Trend: Moon Primed Miss,2025-01-01 00:55:58,2025-03-31 23:45:27,"p0000065,p0000080,p0000128,p0000179,p0000195,p0000205,p0000207,p0000247,p0000275,p0000299,p0000324,p0000346,p0000357,p0000380,p0000385,p0000407,p0000451,p0000453,p0000460,p0000497"
n0018,RNDR,Trend: Word Target Attention,2025-01-01 00:15:17,2025-03-31 21:55:02,"p0000084,p0000164,p0000315,p0000403,p0000542,p0000797,p0000867,p0000947,p0001035,p0001153,p0001207,p0001212,p0001268,p0001292,p0001531,p0001573,p0001587,p0001620,p0001691,p0001775"
n0019,AITK,Trend: Signals Overbought Usually,2025-01-01 00:19:41,2025-03-31 23:30:27,"p0000038,p0000070,p0000073,p0000117,p0000120,p0000123,p0000155,p0000172,p0000185,p0000202,p0000265,p0000291,p0000320,p0000323,p0000345,p0000393,p0000396,p0000418,p0000419,p0000465"
n0020,AITK,Trend: Crypto Buy Opportunity,2025-01-01 00:07:06,2025-03-31 23:18:49,"p0000014,p0000060,p0000063,p0000077,p0000090,p0000098,p0000133,p0000171,p0000230,p0000231,p0000246,p0000248,p0000268,p0000285,p0000298,p0000322,p0000325,p0000326,p0000337,p0000371"
n0021,AITK,Trend: Just Aitk Amounts,2025-01-01 00:16:47,2025-03-31 23:43:51,"p0000020,p0000027,p0000040,p0000043,p0000049,p0000071,p0000106,p0000129,p0000157,p0000167,p0000169,p0000178,p0000183,p0000199,p0000218,p0000224,p0000225,p0000253,p0000258,p0000266"
