account_id,username,risk_score,bot_probability,is_bot,last_analyzed,risk_category
1,user_0001,0.4476,0.4476,False,2025-11-20 21:19:40,medium
2,user_0002,0.507,0.507,False,2025-11-27 21:19:40,medium
3,user_0003,0.5716,0.5716,False,2025-11-11 21:19:40,medium
4,user_0004,0.4769,0.4769,False,2025-11-27 21:19:40,medium
5,user_0005,0.1233,0.1233,False,2025-12-05 21:19:40,low
6,user_0006,0.3635,0.3635,False,2025-11-20 21:19:40,medium
7,user_0007,0.1751,0.1751,False,2025-12-04 21:19:40,low
8,user_0008,0.2927,0.2927,False,2025-11-13 21:19:40,low
9,user_0009,0.1563,0.1563,False,2025-12-05 21:19:40,low
10,user_0010,0.464,0.464,False,2025-11-21 21:19:40,medium
11,user_0011,0.0574,0.0574,False,2025-11-25 21:19:40,low
12,user_0012,0.0505,0.0505,False,2025-11-16 21:19:40,low
13,user_0013,0.1273,0.1273,False,2025-12-01 21:19:40,low
14,user_0014,0.355,0.355,False,2025-11-24 21:19:40,medium
15,user_0015,0.486,0.486,False,2025-11-07 21:19:40,medium
16,user_0016,0.5792,0.5792,False,2025-11-21 21:19:40,medium
17,user_0017,0.3862,0.3862,False,2025-11-29 21:19:40,medium
18,user_0018,0.2174,0.2174,False,2025-11-24 21:19:40,low
19,user_0019,0.2125,0.2125,False,2025-11-14 21:19:40,low
20,user_0020,0.2219,0.2219,False,2025-11-10 21:19:40,low
21,user_0021,0.2367,0.2367,False,2025-11-25 21:19:40,low
22,user_0022,0.232,0.232,False,2025-12-03 21:19:40,low
23,user_0023,0.101,0.101,False,2025-11-11 21:19:40,low
24,user_0024,0.3253,0.3253,False,2025-12-05 21:19:40,medium
25,user_0025,0.5895,0.5895,False,2025-12-04 21:19:40,medium
26,user_0026,0.4491,0.4491,False,2025-11-16 21:19:40,medium
27,user_0027,0.5268,0.5268,False,2025-11-07 21:19:40,medium
28,user_0028,0.3248,0.3248,False,2025-11-30 21:19:40,medium
29,user_0029,0.1049,0.1049,False,2025-11-17 21:19:40,low
30,user_0030,0.5528,0.5528,False,2025-11-08 21:19:40,medium
31,user_0031,0.0867,0.0867,False,2025-12-02 21:19:40,low
32,user_0032,0.5256,0.5256,False,2025-12-03 21:19:40,medium
33,user_0033,0.0333,0.0333,False,2025-12-03 21:19:40,low
34,user_0034,0.3566,0.3566,False,2025-12-03 21:19:40,medium
35,user_0035,0.1119,0.1119,False,2025-11-18 21:19:40,low
36,user_0036,0.2602,0.2602,False,2025-11-19 21:19:40,low
37,user_0037,0.3283,0.3283,False,2025-11-12 21:19:40,medium
38,user_0038,0.2082,0.2082,False,2025-11-29 21:19:40,low
39,user_0039,0.2136,0.2136,False,2025-11-12 21:19:40,low
40,user_0040,0.1977,0.1977,False,2025-11-25 21:19:40,low
41,user_0041,0.2795,0.2795,False,2025-11-08 21:19:40,low
42,user_0042,0.6595,0.6595,False,2025-11-21 21:19:40,medium
43,user_0043,0.3026,0.3026,False,2025-11-06 21:19:40,medium
44,user_0044,0.3523,0.3523,False,2025-11-07 21:19:40,medium
45,user_0045,0.4753,0.4753,False,2025-11-09 21:19:40,medium
46,user_0046,0.1689,0.1689,False,2025-11-23 21:19:40,low
47,user_0047,0.1137,0.1137,False,2025-11-14 21:19:40,low
48,user_0048,0.3153,0.3153,False,2025-12-01 21:19:40,medium
49,user_0049,0.3543,0.3543,False,2025-12-05 21:19:40,medium
50,user_0050,0.278,0.278,False,2025-12-05 21:19:40,low
51,user_0051,0.4477,0.4477,False,2025-11-19 21:19:40,medium
52,user_0052,0.1923,0.1923,False,2025-11-26 21:19:40,low
53,user_0053,0.0272,0.0272,False,2025-11-08 21:19:40,low
54,user_0054,0.2595,0.2595,False,2025-11-18 21:19:40,low
55,user_0055,0.138,0.138,False,2025-11-22 21:19:40,low
56,user_0056,0.5269,0.5269,False,2025-11-12 21:19:40,medium
57,user_0057,0.0792,0.0792,False,2025-11-19 21:19:40,low
58,user_0058,0.0404,0.0404,False,2025-11-14 21:19:40,low
59,user_0059,0.4704,0.4704,False,2025-11-27 21:19:40,medium
60,user_0060,0.3974,0.3974,False,2025-11-19 21:19:40,medium
61,user_0061,0.0535,0.0535,False,2025-11-25 21:19:40,low
62,user_0062,0.1946,0.1946,False,2025-11-20 21:19:40,low
63,user_0063,0.0925,0.0925,False,2025-11-23 21:19:40,low
64,user_0064,0.3113,0.3113,False,2025-11-24 21:19:40,medium
65,user_0065,0.4265,0.4265,False,2025-11-07 21:19:40,medium
66,user_0066,0.1841,0.1841,False,2025-11-26 21:19:40,low
67,user_0067,0.139,0.139,False,2025-11-29 21:19:40,low
68,user_0068,0.2991,0.2991,False,2025-11-17 21:19:40,low
69,user_0069,0.3371,0.3371,False,2025-11-20 21:19:40,medium
70,user_0070,0.3162,0.3162,False,2025-11-20 21:19:40,medium
71,user_0071,0.2977,0.2977,False,2025-11-17 21:19:40,low
72,user_0072,0.2289,0.2289,False,2025-11-14 21:19:40,low
73,user_0073,0.1386,0.1386,False,2025-11-10 21:19:40,low
74,user_0074,0.3883,0.3883,False,2025-11-17 21:19:40,medium
75,user_0075,0.3108,0.3108,False,2025-11-24 21:19:40,medium
76,user_0076,0.4466,0.4466,False,2025-11-08 21:19:40,medium
77,user_0077,0.8218,0.8218,True,2025-12-03 21:19:40,high
78,user_0078,0.1662,0.1662,False,2025-11-15 21:19:40,low
79,user_0079,0.3234,0.3234,False,2025-11-17 21:19:40,medium
80,user_0080,0.3896,0.3896,False,2025-12-02 21:19:40,medium
81,user_0081,0.1681,0.1681,False,2025-12-02 21:19:40,low
82,user_0082,0.3229,0.3229,False,2025-12-03 21:19:40,medium
83,user_0083,0.1844,0.1844,False,2025-12-03 21:19:40,low
84,user_0084,0.338,0.338,False,2025-11-22 21:19:40,medium
85,user_0085,0.0983,0.0983,False,2025-11-17 21:19:40,low
86,user_0086,0.2071,0.2071,False,2025-11-20 21:19:40,low
87,user_0087,0.1024,0.1024,False,2025-11-12 21:19:40,low
88,user_0088,0.3876,0.3876,False,2025-12-04 21:19:40,medium
89,user_0089,0.4001,0.4001,False,2025-12-04 21:19:40,medium
90,user_0090,0.1932,0.1932,False,2025-11-12 21:19:40,low
91,user_0091,0.44,0.44,False,2025-11-12 21:19:40,medium
92,user_0092,0.2453,0.2453,False,2025-11-21 21:19:40,low
93,user_0093,0.2505,0.2505,False,2025-12-02 21:19:40,low
94,user_0094,0.1126,0.1126,False,2025-11-20 21:19:40,low
95,user_0095,0.2998,0.2998,False,2025-11-24 21:19:40,low
96,user_0096,0.3999,0.3999,False,2025-11-26 21:19:40,medium
97,user_0097,0.5314,0.5314,False,2025-12-05 21:19:40,medium
98,user_0098,0.4914,0.4914,False,2025-11-15 21:19:40,medium
99,user_0099,0.4382,0.4382,False,2025-11-15 21:19:40,medium
100,user_0100,0.1193,0.1193,False,2025-11-11 21:19:40,low
101,user_0101,0.0705,0.0705,False,2025-11-07 21:19:40,low
102,user_0102,0.5672,0.5672,False,2025-12-03 21:19:40,medium
103,user_0103,0.3845,0.3845,False,2025-11-19 21:19:40,medium
104,user_0104,0.7837,0.7837,True,2025-11-14 21:19:40,high
105,user_0105,0.3907,0.3907,False,2025-11-07 21:19:40,medium
106,user_0106,0.3806,0.3806,False,2025-11-26 21:19:40,medium
107,user_0107,0.0611,0.0611,False,2025-11-25 21:19:40,low
108,user_0108,0.1377,0.1377,False,2025-11-27 21:19:40,low
109,user_0109,0.4584,0.4584,False,2025-11-20 21:19:40,medium
110,user_0110,0.6345,0.6345,False,2025-11-13 21:19:40,medium
111,user_0111,0.2594,0.2594,False,2025-11-10 21:19:40,low
112,user_0112,0.2091,0.2091,False,2025-11-15 21:19:40,low
113,user_0113,0.086,0.086,False,2025-11-27 21:19:40,low
114,user_0114,0.4614,0.4614,False,2025-11-30 21:19:40,medium
115,user_0115,0.1767,0.1767,False,2025-12-01 21:19:40,low
116,user_0116,0.1413,0.1413,False,2025-11-27 21:19:40,low
117,user_0117,0.1498,0.1498,False,2025-11-27 21:19:40,low
118,user_0118,0.1033,0.1033,False,2025-11-19 21:19:40,low
119,user_0119,0.2416,0.2416,False,2025-11-27 21:19:40,low
120,user_0120,0.3612,0.3612,False,2025-11-13 21:19:40,medium
121,user_0121,0.0949,0.0949,False,2025-11-18 21:19:40,low
122,user_0122,0.1785,0.1785,False,2025-11-23 21:19:40,low
123,user_0123,0.3668,0.3668,False,2025-12-01 21:19:40,medium
124,user_0124,0.1587,0.1587,False,2025-11-15 21:19:40,low
125,user_0125,0.1208,0.1208,False,2025-11-23 21:19:40,low
126,user_0126,0.3187,0.3187,False,2025-12-01 21:19:40,medium
127,user_0127,0.1266,0.1266,False,2025-11-07 21:19:40,low
128,user_0128,0.4465,0.4465,False,2025-11-28 21:19:40,medium
129,user_0129,0.1508,0.1508,False,2025-11-27 21:19:40,low
130,user_0130,0.0521,0.0521,False,2025-11-22 21:19:40,low
131,user_0131,0.1519,0.1519,False,2025-11-21 21:19:40,low
132,user_0132,0.2741,0.2741,False,2025-11-23 21:19:40,low
133,user_0133,0.2903,0.2903,False,2025-12-01 21:19:40,low
134,user_0134,0.1026,0.1026,False,2025-11-17 21:19:40,low
135,user_0135,0.2909,0.2909,False,2025-11-20 21:19:40,low
136,user_0136,0.3342,0.3342,False,2025-11-14 21:19:40,medium
137,user_0137,0.5062,0.5062,False,2025-11-09 21:19:40,medium
138,user_0138,0.2605,0.2605,False,2025-11-12 21:19:40,low
139,user_0139,0.3413,0.3413,False,2025-11-11 21:19:40,medium
140,user_0140,0.0503,0.0503,False,2025-11-08 21:19:40,low
141,user_0141,0.0599,0.0599,False,2025-11-18 21:19:40,low
142,user_0142,0.3263,0.3263,False,2025-11-13 21:19:40,medium
143,user_0143,0.0577,0.0577,False,2025-11-23 21:19:40,low
144,user_0144,0.1569,0.1569,False,2025-11-20 21:19:40,low
145,user_0145,0.2088,0.2088,False,2025-11-22 21:19:40,low
146,user_0146,0.4965,0.4965,False,2025-11-11 21:19:40,medium
147,user_0147,0.565,0.565,False,2025-11-22 21:19:40,medium
148,user_0148,0.1197,0.1197,False,2025-11-08 21:19:40,low
149,user_0149,0.1649,0.1649,False,2025-11-08 21:19:40,low
150,user_0150,0.3373,0.3373,False,2025-11-20 21:19:40,medium
151,user_0151,0.0875,0.0875,False,2025-12-01 21:19:40,low
152,user_0152,0.1429,0.1429,False,2025-12-03 21:19:40,low
153,user_0153,0.192,0.192,False,2025-11-11 21:19:40,low
154,user_0154,0.1993,0.1993,False,2025-11-07 21:19:40,low
155,user_0155,0.2398,0.2398,False,2025-11-29 21:19:40,low
156,user_0156,0.1959,0.1959,False,2025-11-07 21:19:40,low
157,user_0157,0.4073,0.4073,False,2025-12-02 21:19:40,medium
158,user_0158,0.0275,0.0275,False,2025-11-14 21:19:40,low
159,user_0159,0.2355,0.2355,False,2025-11-10 21:19:40,low
160,user_0160,0.1897,0.1897,False,2025-11-17 21:19:40,low
161,user_0161,0.1337,0.1337,False,2025-11-08 21:19:40,low
162,user_0162,0.466,0.466,False,2025-11-23 21:19:40,medium
163,user_0163,0.261,0.261,False,2025-11-26 21:19:40,low
164,user_0164,0.6006,0.6006,False,2025-11-26 21:19:40,medium
165,user_0165,0.2885,0.2885,False,2025-11-28 21:19:40,low
166,user_0166,0.1711,0.1711,False,2025-11-16 21:19:40,low
167,user_0167,0.7022,0.7022,True,2025-11-10 21:19:40,high
168,user_0168,0.0649,0.0649,False,2025-11-21 21:19:40,low
169,user_0169,0.2403,0.2403,False,2025-12-03 21:19:40,low
170,user_0170,0.2083,0.2083,False,2025-11-27 21:19:40,low
171,user_0171,0.4699,0.4699,False,2025-11-17 21:19:40,medium
172,user_0172,0.0831,0.0831,False,2025-11-25 21:19:40,low
173,user_0173,0.5147,0.5147,False,2025-11-19 21:19:40,medium
174,user_0174,0.5984,0.5984,False,2025-11-16 21:19:40,medium
175,user_0175,0.2772,0.2772,False,2025-11-13 21:19:40,low
176,user_0176,0.2032,0.2032,False,2025-11-21 21:19:40,low
177,user_0177,0.1799,0.1799,False,2025-11-08 21:19:40,low
178,user_0178,0.242,0.242,False,2025-11-07 21:19:40,low
179,user_0179,0.1079,0.1079,False,2025-11-19 21:19:40,low
180,user_0180,0.355,0.355,False,2025-11-13 21:19:40,medium
181,user_0181,0.1982,0.1982,False,2025-11-21 21:19:40,low
182,user_0182,0.1883,0.1883,False,2025-11-08 21:19:40,low
183,user_0183,0.4784,0.4784,False,2025-11-29 21:19:40,medium
184,user_0184,0.6881,0.6881,False,2025-11-06 21:19:40,medium
185,user_0185,0.3456,0.3456,False,2025-11-15 21:19:40,medium
186,user_0186,0.1017,0.1017,False,2025-11-26 21:19:40,low
187,user_0187,0.4646,0.4646,False,2025-11-09 21:19:40,medium
188,user_0188,0.372,0.372,False,2025-12-03 21:19:40,medium
189,user_0189,0.5802,0.5802,False,2025-11-15 21:19:40,medium
190,user_0190,0.2183,0.2183,False,2025-11-20 21:19:40,low
191,user_0191,0.2159,0.2159,False,2025-11-18 21:19:40,low
192,user_0192,0.1572,0.1572,False,2025-11-12 21:19:40,low
193,user_0193,0.3742,0.3742,False,2025-11-19 21:19:40,medium
194,user_0194,0.079,0.079,False,2025-12-04 21:19:40,low
195,user_0195,0.1269,0.1269,False,2025-11-13 21:19:40,low
196,user_0196,0.2815,0.2815,False,2025-11-22 21:19:40,low
197,user_0197,0.3052,0.3052,False,2025-11-17 21:19:40,medium
198,user_0198,0.2214,0.2214,False,2025-11-18 21:19:40,low
199,user_0199,0.4577,0.4577,False,2025-12-05 21:19:40,medium
200,user_0200,0.1069,0.1069,False,2025-12-03 21:19:40,low
201,user_0201,0.5618,0.5618,False,2025-11-11 21:19:40,medium
202,user_0202,0.2612,0.2612,False,2025-11-30 21:19:40,low
203,user_0203,0.4724,0.4724,False,2025-12-02 21:19:40,medium
204,user_0204,0.2938,0.2938,False,2025-11-10 21:19:40,low
205,user_0205,0.2159,0.2159,False,2025-11-13 21:19:40,low
206,user_0206,0.5568,0.5568,False,2025-11-26 21:19:40,medium
207,user_0207,0.0428,0.0428,False,2025-12-02 21:19:40,low
208,user_0208,0.1763,0.1763,False,2025-11-30 21:19:40,low
209,user_0209,0.1631,0.1631,False,2025-11-25 21:19:40,low
210,user_0210,0.3815,0.3815,False,2025-12-05 21:19:40,medium
211,user_0211,0.4476,0.4476,False,2025-11-25 21:19:40,medium
212,user_0212,0.2239,0.2239,False,2025-12-04 21:19:40,low
213,user_0213,0.3786,0.3786,False,2025-11-26 21:19:40,medium
214,user_0214,0.0689,0.0689,False,2025-11-08 21:19:40,low
215,user_0215,0.2177,0.2177,False,2025-11-15 21:19:40,low
216,user_0216,0.4058,0.4058,False,2025-11-23 21:19:40,medium
217,user_0217,0.4297,0.4297,False,2025-11-24 21:19:40,medium
218,user_0218,0.3097,0.3097,False,2025-12-01 21:19:40,medium
219,user_0219,0.607,0.607,False,2025-11-20 21:19:40,medium
220,user_0220,0.3948,0.3948,False,2025-11-19 21:19:40,medium
221,user_0221,0.1512,0.1512,False,2025-11-21 21:19:40,low
222,user_0222,0.5057,0.5057,False,2025-11-20 21:19:40,medium
223,user_0223,0.3773,0.3773,False,2025-11-30 21:19:40,medium
224,user_0224,0.5233,0.5233,False,2025-11-19 21:19:40,medium
225,user_0225,0.0263,0.0263,False,2025-11-17 21:19:40,low
226,user_0226,0.3673,0.3673,False,2025-11-13 21:19:40,medium
227,user_0227,0.0603,0.0603,False,2025-11-15 21:19:40,low
228,user_0228,0.2674,0.2674,False,2025-11-19 21:19:40,low
229,user_0229,0.2098,0.2098,False,2025-11-19 21:19:40,low
230,user_0230,0.1421,0.1421,False,2025-11-28 21:19:40,low
231,user_0231,0.0724,0.0724,False,2025-11-30 21:19:40,low
232,user_0232,0.3213,0.3213,False,2025-12-05 21:19:40,medium
233,user_0233,0.2718,0.2718,False,2025-11-12 21:19:40,low
234,user_0234,0.092,0.092,False,2025-11-21 21:19:40,low
235,user_0235,0.534,0.534,False,2025-11-29 21:19:40,medium
236,user_0236,0.2557,0.2557,False,2025-11-09 21:19:40,low
237,user_0237,0.4133,0.4133,False,2025-11-15 21:19:40,medium
238,user_0238,0.0334,0.0334,False,2025-11-15 21:19:40,low
239,user_0239,0.341,0.341,False,2025-11-19 21:19:40,medium
240,user_0240,0.6049,0.6049,False,2025-11-21 21:19:40,medium
241,user_0241,0.0889,0.0889,False,2025-11-16 21:19:40,low
242,user_0242,0.299,0.299,False,2025-12-02 21:19:40,low
243,user_0243,0.4554,0.4554,False,2025-11-11 21:19:40,medium
244,user_0244,0.1549,0.1549,False,2025-11-24 21:19:40,low
245,user_0245,0.6637,0.6637,False,2025-11-22 21:19:40,medium
246,user_0246,0.1149,0.1149,False,2025-11-26 21:19:40,low
247,user_0247,0.0084,0.0084,False,2025-11-23 21:19:40,low
248,user_0248,0.3303,0.3303,False,2025-11-07 21:19:40,medium
249,user_0249,0.3386,0.3386,False,2025-12-01 21:19:40,medium
250,user_0250,0.4442,0.4442,False,2025-11-14 21:19:40,medium
251,user_0251,0.1222,0.1222,False,2025-11-24 21:19:40,low
252,user_0252,0.288,0.288,False,2025-11-10 21:19:40,low
253,user_0253,0.6542,0.6542,False,2025-11-13 21:19:40,medium
254,user_0254,0.4359,0.4359,False,2025-11-15 21:19:40,medium
255,user_0255,0.0388,0.0388,False,2025-11-30 21:19:40,low
256,user_0256,0.4119,0.4119,False,2025-12-02 21:19:40,medium
257,user_0257,0.1961,0.1961,False,2025-11-24 21:19:40,low
258,user_0258,0.3502,0.3502,False,2025-11-19 21:19:40,medium
259,user_0259,0.2621,0.2621,False,2025-11-30 21:19:40,low
260,user_0260,0.1415,0.1415,False,2025-12-02 21:19:40,low
261,user_0261,0.1278,0.1278,False,2025-11-14 21:19:40,low
262,user_0262,0.3311,0.3311,False,2025-11-18 21:19:40,medium
263,user_0263,0.0287,0.0287,False,2025-12-03 21:19:40,low
264,user_0264,0.2853,0.2853,False,2025-11-13 21:19:40,low
265,user_0265,0.1564,0.1564,False,2025-11-23 21:19:40,low
266,user_0266,0.1396,0.1396,False,2025-11-17 21:19:40,low
267,user_0267,0.1311,0.1311,False,2025-11-28 21:19:40,low
268,user_0268,0.4526,0.4526,False,2025-11-26 21:19:40,medium
269,user_0269,0.2733,0.2733,False,2025-11-30 21:19:40,low
270,user_0270,0.0184,0.0184,False,2025-11-21 21:19:40,low
271,user_0271,0.3007,0.3007,False,2025-11-28 21:19:40,medium
272,user_0272,0.4443,0.4443,False,2025-11-22 21:19:40,medium
273,user_0273,0.3526,0.3526,False,2025-11-28 21:19:40,medium
274,user_0274,0.1828,0.1828,False,2025-11-28 21:19:40,low
275,user_0275,0.4736,0.4736,False,2025-12-02 21:19:40,medium
276,user_0276,0.2792,0.2792,False,2025-11-15 21:19:40,low
277,user_0277,0.3401,0.3401,False,2025-12-05 21:19:40,medium
278,user_0278,0.4092,0.4092,False,2025-11-29 21:19:40,medium
279,user_0279,0.2365,0.2365,False,2025-11-12 21:19:40,low
280,user_0280,0.4311,0.4311,False,2025-11-28 21:19:40,medium
281,user_0281,0.2871,0.2871,False,2025-11-22 21:19:40,low
282,user_0282,0.7681,0.7681,True,2025-12-05 21:19:40,high
283,user_0283,0.2938,0.2938,False,2025-11-29 21:19:40,low
284,user_0284,0.293,0.293,False,2025-11-24 21:19:40,low
285,user_0285,0.3801,0.3801,False,2025-12-02 21:19:40,medium
286,user_0286,0.1969,0.1969,False,2025-11-09 21:19:40,low
287,user_0287,0.2209,0.2209,False,2025-12-05 21:19:40,low
288,user_0288,0.333,0.333,False,2025-11-26 21:19:40,medium
289,user_0289,0.3422,0.3422,False,2025-11-08 21:19:40,medium
290,user_0290,0.1934,0.1934,False,2025-11-12 21:19:40,low
291,user_0291,0.3349,0.3349,False,2025-11-21 21:19:40,medium
292,user_0292,0.1594,0.1594,False,2025-11-30 21:19:40,low
293,user_0293,0.3636,0.3636,False,2025-11-15 21:19:40,medium
294,user_0294,0.2903,0.2903,False,2025-11-19 21:19:40,low
295,user_0295,0.7234,0.7234,True,2025-11-22 21:19:40,high
296,user_0296,0.1795,0.1795,False,2025-12-01 21:19:40,low
297,user_0297,0.0394,0.0394,False,2025-11-13 21:19:40,low
298,user_0298,0.1644,0.1644,False,2025-11-06 21:19:40,low
299,user_0299,0.2523,0.2523,False,2025-11-13 21:19:40,low
300,user_0300,0.1807,0.1807,False,2025-11-12 21:19:40,low
301,user_0301,0.1186,0.1186,False,2025-12-01 21:19:40,low
302,user_0302,0.0698,0.0698,False,2025-12-02 21:19:40,low
303,user_0303,0.0908,0.0908,False,2025-11-08 21:19:40,low
304,user_0304,0.0821,0.0821,False,2025-11-19 21:19:40,low
305,user_0305,0.2726,0.2726,False,2025-11-21 21:19:40,low
306,user_0306,0.1431,0.1431,False,2025-11-09 21:19:40,low
307,user_0307,0.2499,0.2499,False,2025-11-21 21:19:40,low
308,user_0308,0.1363,0.1363,False,2025-11-24 21:19:40,low
309,user_0309,0.4053,0.4053,False,2025-11-26 21:19:40,medium
310,user_0310,0.2263,0.2263,False,2025-11-10 21:19:40,low
311,user_0311,0.2196,0.2196,False,2025-11-07 21:19:40,low
312,user_0312,0.2544,0.2544,False,2025-11-16 21:19:40,low
313,user_0313,0.1171,0.1171,False,2025-11-28 21:19:40,low
314,user_0314,0.5713,0.5713,False,2025-11-23 21:19:40,medium
315,user_0315,0.3146,0.3146,False,2025-11-21 21:19:40,medium
316,user_0316,0.5092,0.5092,False,2025-12-02 21:19:40,medium
317,user_0317,0.2389,0.2389,False,2025-11-29 21:19:40,low
318,user_0318,0.3395,0.3395,False,2025-11-10 21:19:40,medium
319,user_0319,0.2687,0.2687,False,2025-11-16 21:19:40,low
320,user_0320,0.7019,0.7019,True,2025-11-16 21:19:40,high
321,user_0321,0.0635,0.0635,False,2025-11-17 21:19:40,low
322,user_0322,0.1245,0.1245,False,2025-11-29 21:19:40,low
323,user_0323,0.0444,0.0444,False,2025-11-17 21:19:40,low
324,user_0324,0.2298,0.2298,False,2025-11-08 21:19:40,low
325,user_0325,0.195,0.195,False,2025-12-05 21:19:40,low
326,user_0326,0.582,0.582,False,2025-11-26 21:19:40,medium
327,user_0327,0.4619,0.4619,False,2025-11-24 21:19:40,medium
328,user_0328,0.3556,0.3556,False,2025-12-01 21:19:40,medium
329,user_0329,0.1347,0.1347,False,2025-12-01 21:19:40,low
330,user_0330,0.2968,0.2968,False,2025-11-26 21:19:40,low
331,user_0331,0.0835,0.0835,False,2025-11-12 21:19:40,low
332,user_0332,0.2711,0.2711,False,2025-11-24 21:19:40,low
333,user_0333,0.1522,0.1522,False,2025-11-25 21:19:40,low
334,user_0334,0.465,0.465,False,2025-11-28 21:19:40,medium
335,user_0335,0.7761,0.7761,True,2025-11-23 21:19:40,high
336,user_0336,0.2342,0.2342,False,2025-12-04 21:19:40,low
337,user_0337,0.5194,0.5194,False,2025-12-01 21:19:40,medium
338,user_0338,0.1944,0.1944,False,2025-11-14 21:19:40,low
339,user_0339,0.1751,0.1751,False,2025-11-30 21:19:40,low
340,user_0340,0.429,0.429,False,2025-11-15 21:19:40,medium
341,user_0341,0.1142,0.1142,False,2025-11-15 21:19:40,low
342,user_0342,0.1642,0.1642,False,2025-11-15 21:19:40,low
343,user_0343,0.1629,0.1629,False,2025-11-30 21:19:40,low
344,user_0344,0.3312,0.3312,False,2025-11-16 21:19:40,medium
345,user_0345,0.4668,0.4668,False,2025-11-13 21:19:40,medium
346,user_0346,0.1239,0.1239,False,2025-12-01 21:19:40,low
347,user_0347,0.1446,0.1446,False,2025-11-16 21:19:40,low
348,user_0348,0.2867,0.2867,False,2025-11-07 21:19:40,low
349,user_0349,0.2946,0.2946,False,2025-11-14 21:19:40,low
350,user_0350,0.275,0.275,False,2025-11-28 21:19:40,low
351,user_0351,0.3335,0.3335,False,2025-11-22 21:19:40,medium
352,user_0352,0.372,0.372,False,2025-12-02 21:19:40,medium
353,user_0353,0.6146,0.6146,False,2025-11-30 21:19:40,medium
354,user_0354,0.1602,0.1602,False,2025-11-30 21:19:40,low
355,user_0355,0.1224,0.1224,False,2025-11-30 21:19:40,low
356,user_0356,0.1227,0.1227,False,2025-11-19 21:19:40,low
357,user_0357,0.2329,0.2329,False,2025-12-04 21:19:40,low
358,user_0358,0.0479,0.0479,False,2025-11-11 21:19:40,low
359,user_0359,0.2779,0.2779,False,2025-11-19 21:19:40,low
360,user_0360,0.2488,0.2488,False,2025-11-17 21:19:40,low
361,user_0361,0.2653,0.2653,False,2025-11-10 21:19:40,low
362,user_0362,0.1793,0.1793,False,2025-11-07 21:19:40,low
363,user_0363,0.3747,0.3747,False,2025-11-18 21:19:40,medium
364,user_0364,0.4288,0.4288,False,2025-11-23 21:19:40,medium
365,user_0365,0.1618,0.1618,False,2025-11-12 21:19:40,low
366,user_0366,0.5266,0.5266,False,2025-12-02 21:19:40,medium
367,user_0367,0.3991,0.3991,False,2025-11-16 21:19:40,medium
368,user_0368,0.1664,0.1664,False,2025-11-13 21:19:40,low
369,user_0369,0.0656,0.0656,False,2025-11-18 21:19:40,low
370,user_0370,0.0766,0.0766,False,2025-11-27 21:19:40,low
371,user_0371,0.6349,0.6349,False,2025-11-30 21:19:40,medium
372,user_0372,0.2196,0.2196,False,2025-11-24 21:19:40,low
373,user_0373,0.0998,0.0998,False,2025-12-01 21:19:40,low
374,user_0374,0.4399,0.4399,False,2025-11-22 21:19:40,medium
375,user_0375,0.424,0.424,False,2025-11-30 21:19:40,medium
376,user_0376,0.2439,0.2439,False,2025-11-28 21:19:40,low
377,user_0377,0.3353,0.3353,False,2025-11-23 21:19:40,medium
378,user_0378,0.1365,0.1365,False,2025-11-07 21:19:40,low
379,user_0379,0.0541,0.0541,False,2025-12-04 21:19:40,low
380,user_0380,0.3407,0.3407,False,2025-11-08 21:19:40,medium
381,user_0381,0.2908,0.2908,False,2025-11-11 21:19:40,low
382,user_0382,0.3041,0.3041,False,2025-11-25 21:19:40,medium
383,user_0383,0.2657,0.2657,False,2025-11-07 21:19:40,low
384,user_0384,0.7443,0.7443,True,2025-11-29 21:19:40,high
385,user_0385,0.275,0.275,False,2025-11-26 21:19:40,low
386,user_0386,0.1222,0.1222,False,2025-11-19 21:19:40,low
387,user_0387,0.15,0.15,False,2025-11-08 21:19:40,low
388,user_0388,0.5912,0.5912,False,2025-11-23 21:19:40,medium
389,user_0389,0.2063,0.2063,False,2025-11-30 21:19:40,low
390,user_0390,0.0897,0.0897,False,2025-11-13 21:19:40,low
391,user_0391,0.0601,0.0601,False,2025-12-05 21:19:40,low
392,user_0392,0.5413,0.5413,False,2025-11-13 21:19:40,medium
393,user_0393,0.2691,0.2691,False,2025-11-20 21:19:40,low
394,user_0394,0.1741,0.1741,False,2025-11-27 21:19:40,low
395,user_0395,0.384,0.384,False,2025-11-14 21:19:40,medium
396,user_0396,0.3846,0.3846,False,2025-11-14 21:19:40,medium
397,user_0397,0.1123,0.1123,False,2025-11-15 21:19:40,low
398,user_0398,0.1373,0.1373,False,2025-11-13 21:19:40,low
399,user_0399,0.472,0.472,False,2025-11-13 21:19:40,medium
400,user_0400,0.0744,0.0744,False,2025-11-20 21:19:40,low
401,user_0401,0.4063,0.4063,False,2025-11-09 21:19:40,medium
402,user_0402,0.3532,0.3532,False,2025-11-14 21:19:40,medium
403,user_0403,0.2869,0.2869,False,2025-11-21 21:19:40,low
404,user_0404,0.4551,0.4551,False,2025-11-18 21:19:40,medium
405,user_0405,0.062,0.062,False,2025-11-14 21:19:40,low
406,user_0406,0.1658,0.1658,False,2025-11-18 21:19:40,low
407,user_0407,0.0616,0.0616,False,2025-11-16 21:19:40,low
408,user_0408,0.2082,0.2082,False,2025-12-03 21:19:40,low
409,user_0409,0.058,0.058,False,2025-11-23 21:19:40,low
410,user_0410,0.0872,0.0872,False,2025-11-07 21:19:40,low
411,user_0411,0.0917,0.0917,False,2025-11-09 21:19:40,low
412,user_0412,0.6149,0.6149,False,2025-11-23 21:19:40,medium
413,user_0413,0.223,0.223,False,2025-11-19 21:19:40,low
414,user_0414,0.4902,0.4902,False,2025-11-22 21:19:40,medium
415,user_0415,0.4213,0.4213,False,2025-11-09 21:19:40,medium
416,user_0416,0.0453,0.0453,False,2025-11-18 21:19:40,low
417,user_0417,0.46,0.46,False,2025-12-01 21:19:40,medium
418,user_0418,0.7352,0.7352,True,2025-11-26 21:19:40,high
419,user_0419,0.2414,0.2414,False,2025-11-21 21:19:40,low
420,user_0420,0.3935,0.3935,False,2025-11-18 21:19:40,medium
421,user_0421,0.1959,0.1959,False,2025-11-26 21:19:40,low
422,user_0422,0.204,0.204,False,2025-11-29 21:19:40,low
423,user_0423,0.2008,0.2008,False,2025-11-16 21:19:40,low
424,user_0424,0.2291,0.2291,False,2025-11-20 21:19:40,low
425,user_0425,0.2395,0.2395,False,2025-11-12 21:19:40,low
426,user_0426,0.2208,0.2208,False,2025-11-22 21:19:40,low
427,user_0427,0.1883,0.1883,False,2025-12-03 21:19:40,low
428,user_0428,0.3505,0.3505,False,2025-11-27 21:19:40,medium
429,user_0429,0.2912,0.2912,False,2025-11-30 21:19:40,low
430,user_0430,0.3828,0.3828,False,2025-11-14 21:19:40,medium
431,user_0431,0.7211,0.7211,True,2025-11-09 21:19:40,high
432,user_0432,0.1333,0.1333,False,2025-11-20 21:19:40,low
433,user_0433,0.4439,0.4439,False,2025-11-24 21:19:40,medium
434,user_0434,0.585,0.585,False,2025-11-15 21:19:40,medium
435,user_0435,0.3876,0.3876,False,2025-11-22 21:19:40,medium
436,user_0436,0.2456,0.2456,False,2025-11-08 21:19:40,low
437,user_0437,0.4243,0.4243,False,2025-11-09 21:19:40,medium
438,user_0438,0.1738,0.1738,False,2025-12-03 21:19:40,low
439,user_0439,0.1582,0.1582,False,2025-11-20 21:19:40,low
440,user_0440,0.1922,0.1922,False,2025-12-01 21:19:40,low
441,user_0441,0.1175,0.1175,False,2025-12-02 21:19:40,low
442,user_0442,0.5537,0.5537,False,2025-11-07 21:19:40,medium
443,user_0443,0.4549,0.4549,False,2025-11-27 21:19:40,medium
444,user_0444,0.2417,0.2417,False,2025-12-02 21:19:40,low
445,user_0445,0.7323,0.7323,True,2025-12-01 21:19:40,high
446,user_0446,0.272,0.272,False,2025-12-02 21:19:40,low
447,user_0447,0.1237,0.1237,False,2025-11-06 21:19:40,low
448,user_0448,0.2544,0.2544,False,2025-11-25 21:19:40,low
449,user_0449,0.2485,0.2485,False,2025-11-26 21:19:40,low
450,user_0450,0.1305,0.1305,False,2025-11-09 21:19:40,low
451,user_0451,0.133,0.133,False,2025-12-01 21:19:40,low
452,user_0452,0.1095,0.1095,False,2025-11-29 21:19:40,low
453,user_0453,0.213,0.213,False,2025-11-11 21:19:40,low
454,user_0454,0.5761,0.5761,False,2025-11-30 21:19:40,medium
455,user_0455,0.6042,0.6042,False,2025-11-12 21:19:40,medium
456,user_0456,0.1137,0.1137,False,2025-11-11 21:19:40,low
457,user_0457,0.3634,0.3634,False,2025-11-13 21:19:40,medium
458,user_0458,0.2999,0.2999,False,2025-11-19 21:19:40,low
459,user_0459,0.2526,0.2526,False,2025-11-12 21:19:40,low
460,user_0460,0.5009,0.5009,False,2025-11-26 21:19:40,medium
461,user_0461,0.4298,0.4298,False,2025-11-23 21:19:40,medium
462,user_0462,0.155,0.155,False,2025-11-09 21:19:40,low
463,user_0463,0.1621,0.1621,False,2025-11-13 21:19:40,low
464,user_0464,0.2514,0.2514,False,2025-11-20 21:19:40,low
465,user_0465,0.417,0.417,False,2025-12-01 21:19:40,medium
466,user_0466,0.1729,0.1729,False,2025-11-06 21:19:40,low
467,user_0467,0.2833,0.2833,False,2025-11-26 21:19:40,low
468,user_0468,0.3582,0.3582,False,2025-11-19 21:19:40,medium
469,user_0469,0.1028,0.1028,False,2025-11-30 21:19:40,low
470,user_0470,0.3572,0.3572,False,2025-11-29 21:19:40,medium
471,user_0471,0.1584,0.1584,False,2025-11-30 21:19:40,low
472,user_0472,0.5026,0.5026,False,2025-11-11 21:19:40,medium
473,user_0473,0.1127,0.1127,False,2025-12-04 21:19:40,low
474,user_0474,0.3344,0.3344,False,2025-11-14 21:19:40,medium
475,user_0475,0.1893,0.1893,False,2025-11-14 21:19:40,low
476,user_0476,0.3661,0.3661,False,2025-11-20 21:19:40,medium
477,user_0477,0.2829,0.2829,False,2025-12-02 21:19:40,low
478,user_0478,0.5013,0.5013,False,2025-11-07 21:19:40,medium
479,user_0479,0.0394,0.0394,False,2025-11-18 21:19:40,low
480,user_0480,0.1359,0.1359,False,2025-11-17 21:19:40,low
481,user_0481,0.1946,0.1946,False,2025-12-01 21:19:40,low
482,user_0482,0.2056,0.2056,False,2025-11-20 21:19:40,low
483,user_0483,0.3888,0.3888,False,2025-11-10 21:19:40,medium
484,user_0484,0.1778,0.1778,False,2025-12-03 21:19:40,low
485,user_0485,0.0706,0.0706,False,2025-11-16 21:19:40,low
486,user_0486,0.0119,0.0119,False,2025-12-01 21:19:40,low
487,user_0487,0.0872,0.0872,False,2025-11-14 21:19:40,low
488,user_0488,0.177,0.177,False,2025-11-29 21:19:40,low
489,user_0489,0.3526,0.3526,False,2025-11-25 21:19:40,medium
490,user_0490,0.1763,0.1763,False,2025-11-25 21:19:40,low
491,user_0491,0.3283,0.3283,False,2025-11-16 21:19:40,medium
492,user_0492,0.3313,0.3313,False,2025-11-15 21:19:40,medium
493,user_0493,0.2511,0.2511,False,2025-11-11 21:19:40,low
494,user_0494,0.184,0.184,False,2025-11-17 21:19:40,low
495,user_0495,0.1437,0.1437,False,2025-11-07 21:19:40,low
496,user_0496,0.6672,0.6672,False,2025-11-18 21:19:40,medium
497,user_0497,0.1796,0.1796,False,2025-11-24 21:19:40,low
498,user_0498,0.2617,0.2617,False,2025-11-26 21:19:40,low
499,user_0499,0.4954,0.4954,False,2025-11-16 21:19:40,medium
500,user_0500,0.3435,0.3435,False,2025-11-24 21:19:40,medium
501,user_0501,0.2806,0.2806,False,2025-11-21 21:19:40,low
502,user_0502,0.1557,0.1557,False,2025-11-20 21:19:40,low
503,user_0503,0.579,0.579,False,2025-12-03 21:19:40,medium
504,user_0504,0.2306,0.2306,False,2025-11-15 21:19:40,low
505,user_0505,0.3413,0.3413,False,2025-12-02 21:19:40,medium
506,user_0506,0.5123,0.5123,False,2025-11-20 21:19:40,medium
507,user_0507,0.3061,0.3061,False,2025-11-15 21:19:40,medium
508,user_0508,0.1425,0.1425,False,2025-11-29 21:19:40,low
509,user_0509,0.13,0.13,False,2025-11-21 21:19:40,low
510,user_0510,0.1646,0.1646,False,2025-11-19 21:19:40,low
511,user_0511,0.0288,0.0288,False,2025-12-04 21:19:40,low
512,user_0512,0.255,0.255,False,2025-11-29 21:19:40,low
513,user_0513,0.0823,0.0823,False,2025-12-01 21:19:40,low
514,user_0514,0.1129,0.1129,False,2025-11-09 21:19:40,low
515,user_0515,0.2575,0.2575,False,2025-11-26 21:19:40,low
516,user_0516,0.2886,0.2886,False,2025-11-19 21:19:40,low
517,user_0517,0.1524,0.1524,False,2025-11-13 21:19:40,low
518,user_0518,0.1782,0.1782,False,2025-11-13 21:19:40,low
519,user_0519,0.3559,0.3559,False,2025-11-12 21:19:40,medium
520,user_0520,0.3525,0.3525,False,2025-12-04 21:19:40,medium
521,user_0521,0.3129,0.3129,False,2025-11-12 21:19:40,medium
522,user_0522,0.5319,0.5319,False,2025-11-08 21:19:40,medium
523,user_0523,0.7084,0.7084,True,2025-11-09 21:19:40,high
524,user_0524,0.3248,0.3248,False,2025-11-06 21:19:40,medium
525,user_0525,0.0693,0.0693,False,2025-12-02 21:19:40,low
526,user_0526,0.4733,0.4733,False,2025-11-18 21:19:40,medium
527,user_0527,0.0936,0.0936,False,2025-12-03 21:19:40,low
528,user_0528,0.2113,0.2113,False,2025-11-25 21:19:40,low
529,user_0529,0.3731,0.3731,False,2025-11-12 21:19:40,medium
530,user_0530,0.2687,0.2687,False,2025-11-19 21:19:40,low
531,user_0531,0.3008,0.3008,False,2025-11-19 21:19:40,medium
532,user_0532,0.2731,0.2731,False,2025-11-15 21:19:40,low
533,user_0533,0.0661,0.0661,False,2025-11-23 21:19:40,low
534,user_0534,0.1183,0.1183,False,2025-11-10 21:19:40,low
535,user_0535,0.224,0.224,False,2025-12-02 21:19:40,low
536,user_0536,0.5153,0.5153,False,2025-11-30 21:19:40,medium
537,user_0537,0.5001,0.5001,False,2025-12-03 21:19:40,medium
538,user_0538,0.476,0.476,False,2025-11-26 21:19:40,medium
539,user_0539,0.2837,0.2837,False,2025-11-24 21:19:40,low
540,user_0540,0.4739,0.4739,False,2025-12-02 21:19:40,medium
541,user_0541,0.1431,0.1431,False,2025-11-27 21:19:40,low
542,user_0542,0.2638,0.2638,False,2025-11-30 21:19:40,low
543,user_0543,0.3316,0.3316,False,2025-12-04 21:19:40,medium
544,user_0544,0.0328,0.0328,False,2025-11-28 21:19:40,low
545,user_0545,0.2167,0.2167,False,2025-12-01 21:19:40,low
546,user_0546,0.1717,0.1717,False,2025-11-16 21:19:40,low
547,user_0547,0.316,0.316,False,2025-11-11 21:19:40,medium
548,user_0548,0.3103,0.3103,False,2025-11-06 21:19:40,medium
549,user_0549,0.3535,0.3535,False,2025-11-27 21:19:40,medium
550,user_0550,0.1783,0.1783,False,2025-11-26 21:19:40,low
551,user_0551,0.1202,0.1202,False,2025-11-11 21:19:40,low
552,user_0552,0.0955,0.0955,False,2025-11-26 21:19:40,low
553,user_0553,0.6079,0.6079,False,2025-11-07 21:19:40,medium
554,user_0554,0.377,0.377,False,2025-11-16 21:19:40,medium
555,user_0555,0.6087,0.6087,False,2025-12-04 21:19:40,medium
556,user_0556,0.3849,0.3849,False,2025-11-17 21:19:40,medium
557,user_0557,0.0871,0.0871,False,2025-11-08 21:19:40,low
558,user_0558,0.2454,0.2454,False,2025-11-18 21:19:40,low
559,user_0559,0.411,0.411,False,2025-11-22 21:19:40,medium
560,user_0560,0.5038,0.5038,False,2025-11-23 21:19:40,medium
561,user_0561,0.4606,0.4606,False,2025-11-30 21:19:40,medium
562,user_0562,0.1812,0.1812,False,2025-11-28 21:19:40,low
563,user_0563,0.1709,0.1709,False,2025-11-14 21:19:40,low
564,user_0564,0.0805,0.0805,False,2025-11-19 21:19:40,low
565,user_0565,0.1223,0.1223,False,2025-11-17 21:19:40,low
566,user_0566,0.2628,0.2628,False,2025-11-13 21:19:40,low
567,user_0567,0.2327,0.2327,False,2025-11-23 21:19:40,low
568,user_0568,0.2907,0.2907,False,2025-12-02 21:19:40,low
569,user_0569,0.4267,0.4267,False,2025-12-03 21:19:40,medium
570,user_0570,0.3913,0.3913,False,2025-11-11 21:19:40,medium
571,user_0571,0.2544,0.2544,False,2025-11-21 21:19:40,low
572,user_0572,0.0761,0.0761,False,2025-11-07 21:19:40,low
573,user_0573,0.0746,0.0746,False,2025-12-05 21:19:40,low
574,user_0574,0.1937,0.1937,False,2025-11-29 21:19:40,low
575,user_0575,0.2567,0.2567,False,2025-11-12 21:19:40,low
576,user_0576,0.0671,0.0671,False,2025-11-14 21:19:40,low
577,user_0577,0.1896,0.1896,False,2025-11-17 21:19:40,low
578,user_0578,0.1109,0.1109,False,2025-11-10 21:19:40,low
579,user_0579,0.3299,0.3299,False,2025-11-18 21:19:40,medium
580,user_0580,0.0699,0.0699,False,2025-11-08 21:19:40,low
581,user_0581,0.231,0.231,False,2025-11-18 21:19:40,low
582,user_0582,0.1027,0.1027,False,2025-11-13 21:19:40,low
583,user_0583,0.41,0.41,False,2025-11-19 21:19:40,medium
584,user_0584,0.2046,0.2046,False,2025-11-22 21:19:40,low
585,user_0585,0.3696,0.3696,False,2025-11-30 21:19:40,medium
586,user_0586,0.1121,0.1121,False,2025-12-01 21:19:40,low
587,user_0587,0.2635,0.2635,False,2025-11-30 21:19:40,low
588,user_0588,0.38,0.38,False,2025-12-02 21:19:40,medium
589,user_0589,0.0971,0.0971,False,2025-11-12 21:19:40,low
590,user_0590,0.2629,0.2629,False,2025-11-28 21:19:40,low
591,user_0591,0.2359,0.2359,False,2025-11-23 21:19:40,low
592,user_0592,0.2421,0.2421,False,2025-11-19 21:19:40,low
593,user_0593,0.2489,0.2489,False,2025-11-17 21:19:40,low
594,user_0594,0.1747,0.1747,False,2025-11-07 21:19:40,low
595,user_0595,0.594,0.594,False,2025-11-07 21:19:40,medium
596,user_0596,0.4122,0.4122,False,2025-12-04 21:19:40,medium
597,user_0597,0.1506,0.1506,False,2025-12-01 21:19:40,low
598,user_0598,0.0673,0.0673,False,2025-11-14 21:19:40,low
599,user_0599,0.2667,0.2667,False,2025-11-23 21:19:40,low
600,user_0600,0.2404,0.2404,False,2025-11-13 21:19:40,low
601,user_0601,0.5425,0.5425,False,2025-12-04 21:19:40,medium
602,user_0602,0.2742,0.2742,False,2025-11-22 21:19:40,low
603,user_0603,0.2264,0.2264,False,2025-11-06 21:19:40,low
604,user_0604,0.2146,0.2146,False,2025-11-27 21:19:40,low
605,user_0605,0.0894,0.0894,False,2025-11-18 21:19:40,low
606,user_0606,0.2472,0.2472,False,2025-11-14 21:19:40,low
607,user_0607,0.0355,0.0355,False,2025-12-04 21:19:40,low
608,user_0608,0.2489,0.2489,False,2025-11-09 21:19:40,low
609,user_0609,0.0663,0.0663,False,2025-11-09 21:19:40,low
610,user_0610,0.3327,0.3327,False,2025-11-29 21:19:40,medium
611,user_0611,0.0702,0.0702,False,2025-11-13 21:19:40,low
612,user_0612,0.1863,0.1863,False,2025-11-16 21:19:40,low
613,user_0613,0.1832,0.1832,False,2025-11-28 21:19:40,low
614,user_0614,0.1854,0.1854,False,2025-11-08 21:19:40,low
615,user_0615,0.1682,0.1682,False,2025-11-20 21:19:40,low
616,user_0616,0.0985,0.0985,False,2025-11-11 21:19:40,low
617,user_0617,0.49,0.49,False,2025-11-14 21:19:40,medium
618,user_0618,0.0797,0.0797,False,2025-12-04 21:19:40,low
619,user_0619,0.1669,0.1669,False,2025-12-04 21:19:40,low
620,user_0620,0.8215,0.8215,True,2025-11-28 21:19:40,high
621,user_0621,0.1778,0.1778,False,2025-11-15 21:19:40,low
622,user_0622,0.1634,0.1634,False,2025-11-17 21:19:40,low
623,user_0623,0.5543,0.5543,False,2025-11-20 21:19:40,medium
624,user_0624,0.2751,0.2751,False,2025-11-12 21:19:40,low
625,user_0625,0.1126,0.1126,False,2025-11-29 21:19:40,low
626,user_0626,0.2565,0.2565,False,2025-12-01 21:19:40,low
627,user_0627,0.404,0.404,False,2025-12-01 21:19:40,medium
628,user_0628,0.2568,0.2568,False,2025-11-23 21:19:40,low
629,user_0629,0.5072,0.5072,False,2025-11-21 21:19:40,medium
630,user_0630,0.0656,0.0656,False,2025-11-18 21:19:40,low
631,user_0631,0.4592,0.4592,False,2025-11-17 21:19:40,medium
632,user_0632,0.0404,0.0404,False,2025-11-12 21:19:40,low
633,user_0633,0.2917,0.2917,False,2025-11-23 21:19:40,low
634,user_0634,0.1518,0.1518,False,2025-12-03 21:19:40,low
635,user_0635,0.2006,0.2006,False,2025-11-17 21:19:40,low
636,user_0636,0.086,0.086,False,2025-12-05 21:19:40,low
637,user_0637,0.1188,0.1188,False,2025-12-05 21:19:40,low
638,user_0638,0.3059,0.3059,False,2025-11-14 21:19:40,medium
639,user_0639,0.1815,0.1815,False,2025-11-14 21:19:40,low
640,user_0640,0.3587,0.3587,False,2025-11-25 21:19:40,medium
641,user_0641,0.1802,0.1802,False,2025-11-24 21:19:40,low
642,user_0642,0.2061,0.2061,False,2025-11-19 21:19:40,low
643,user_0643,0.52,0.52,False,2025-12-04 21:19:40,medium
644,user_0644,0.1464,0.1464,False,2025-11-20 21:19:40,low
645,user_0645,0.2686,0.2686,False,2025-11-11 21:19:40,low
646,user_0646,0.1377,0.1377,False,2025-11-12 21:19:40,low
647,user_0647,0.4522,0.4522,False,2025-11-10 21:19:40,medium
648,user_0648,0.3608,0.3608,False,2025-12-04 21:19:40,medium
649,user_0649,0.0525,0.0525,False,2025-11-16 21:19:40,low
650,user_0650,0.1662,0.1662,False,2025-11-30 21:19:40,low
651,user_0651,0.5264,0.5264,False,2025-11-06 21:19:40,medium
652,user_0652,0.3847,0.3847,False,2025-11-08 21:19:40,medium
653,user_0653,0.4276,0.4276,False,2025-11-24 21:19:40,medium
654,user_0654,0.4989,0.4989,False,2025-11-10 21:19:40,medium
655,user_0655,0.341,0.341,False,2025-11-21 21:19:40,medium
656,user_0656,0.5312,0.5312,False,2025-11-28 21:19:40,medium
657,user_0657,0.4676,0.4676,False,2025-11-28 21:19:40,medium
658,user_0658,0.5693,0.5693,False,2025-11-12 21:19:40,medium
659,user_0659,0.3898,0.3898,False,2025-11-08 21:19:40,medium
660,user_0660,0.6406,0.6406,False,2025-11-16 21:19:40,medium
661,user_0661,0.336,0.336,False,2025-11-23 21:19:40,medium
662,user_0662,0.2144,0.2144,False,2025-12-03 21:19:40,low
663,user_0663,0.0831,0.0831,False,2025-11-06 21:19:40,low
664,user_0664,0.177,0.177,False,2025-12-01 21:19:40,low
665,user_0665,0.1242,0.1242,False,2025-11-10 21:19:40,low
666,user_0666,0.2724,0.2724,False,2025-11-30 21:19:40,low
667,user_0667,0.0854,0.0854,False,2025-11-12 21:19:40,low
668,user_0668,0.2527,0.2527,False,2025-11-26 21:19:40,low
669,user_0669,0.5885,0.5885,False,2025-11-27 21:19:40,medium
670,user_0670,0.3504,0.3504,False,2025-11-28 21:19:40,medium
671,user_0671,0.3034,0.3034,False,2025-11-29 21:19:40,medium
672,user_0672,0.3111,0.3111,False,2025-11-11 21:19:40,medium
673,user_0673,0.4033,0.4033,False,2025-11-08 21:19:40,medium
674,user_0674,0.3533,0.3533,False,2025-11-29 21:19:40,medium
675,user_0675,0.1169,0.1169,False,2025-11-10 21:19:40,low
676,user_0676,0.2834,0.2834,False,2025-11-17 21:19:40,low
677,user_0677,0.4274,0.4274,False,2025-11-23 21:19:40,medium
678,user_0678,0.6911,0.6911,False,2025-11-14 21:19:40,medium
679,user_0679,0.0935,0.0935,False,2025-11-27 21:19:40,low
680,user_0680,0.2371,0.2371,False,2025-11-11 21:19:40,low
681,user_0681,0.034,0.034,False,2025-12-05 21:19:40,low
682,user_0682,0.6092,0.6092,False,2025-11-08 21:19:40,medium
683,user_0683,0.5091,0.5091,False,2025-11-06 21:19:40,medium
684,user_0684,0.2131,0.2131,False,2025-11-15 21:19:40,low
685,user_0685,0.3327,0.3327,False,2025-11-07 21:19:40,medium
686,user_0686,0.0399,0.0399,False,2025-11-11 21:19:40,low
687,user_0687,0.4102,0.4102,False,2025-11-19 21:19:40,medium
688,user_0688,0.2886,0.2886,False,2025-11-13 21:19:40,low
689,user_0689,0.0785,0.0785,False,2025-11-17 21:19:40,low
690,user_0690,0.3641,0.3641,False,2025-11-09 21:19:40,medium
691,user_0691,0.0341,0.0341,False,2025-11-30 21:19:40,low
692,user_0692,0.2832,0.2832,False,2025-11-23 21:19:40,low
693,user_0693,0.2265,0.2265,False,2025-11-30 21:19:40,low
694,user_0694,0.2314,0.2314,False,2025-11-08 21:19:40,low
695,user_0695,0.1395,0.1395,False,2025-11-19 21:19:40,low
696,user_0696,0.1144,0.1144,False,2025-12-03 21:19:40,low
697,user_0697,0.1855,0.1855,False,2025-12-03 21:19:40,low
698,user_0698,0.1211,0.1211,False,2025-11-06 21:19:40,low
699,user_0699,0.1408,0.1408,False,2025-11-18 21:19:40,low
700,user_0700,0.2102,0.2102,False,2025-11-25 21:19:40,low
701,user_0701,0.36,0.36,False,2025-11-07 21:19:40,medium
702,user_0702,0.1837,0.1837,False,2025-11-08 21:19:40,low
703,user_0703,0.3804,0.3804,False,2025-11-11 21:19:40,medium
704,user_0704,0.2294,0.2294,False,2025-11-16 21:19:40,low
705,user_0705,0.2516,0.2516,False,2025-11-24 21:19:40,low
706,user_0706,0.5076,0.5076,False,2025-12-01 21:19:40,medium
707,user_0707,0.3485,0.3485,False,2025-11-27 21:19:40,medium
708,user_0708,0.1432,0.1432,False,2025-11-11 21:19:40,low
709,user_0709,0.3127,0.3127,False,2025-11-29 21:19:40,medium
710,user_0710,0.6271,0.6271,False,2025-11-12 21:19:40,medium
711,user_0711,0.7618,0.7618,True,2025-11-15 21:19:40,high
712,user_0712,0.5226,0.5226,False,2025-11-26 21:19:40,medium
713,user_0713,0.5142,0.5142,False,2025-11-09 21:19:40,medium
714,user_0714,0.2025,0.2025,False,2025-11-08 21:19:40,low
715,user_0715,0.2274,0.2274,False,2025-11-11 21:19:40,low
716,user_0716,0.3098,0.3098,False,2025-11-12 21:19:40,medium
717,user_0717,0.5016,0.5016,False,2025-11-22 21:19:40,medium
718,user_0718,0.2796,0.2796,False,2025-11-13 21:19:40,low
719,user_0719,0.0906,0.0906,False,2025-12-05 21:19:40,low
720,user_0720,0.2452,0.2452,False,2025-11-22 21:19:40,low
721,user_0721,0.5066,0.5066,False,2025-11-09 21:19:40,medium
722,user_0722,0.1546,0.1546,False,2025-11-22 21:19:40,low
723,user_0723,0.1818,0.1818,False,2025-11-22 21:19:40,low
724,user_0724,0.1887,0.1887,False,2025-11-12 21:19:40,low
725,user_0725,0.1232,0.1232,False,2025-12-02 21:19:40,low
726,user_0726,0.1982,0.1982,False,2025-11-18 21:19:40,low
727,user_0727,0.1326,0.1326,False,2025-11-17 21:19:40,low
728,user_0728,0.0178,0.0178,False,2025-11-28 21:19:40,low
729,user_0729,0.3639,0.3639,False,2025-11-20 21:19:40,medium
730,user_0730,0.2184,0.2184,False,2025-11-26 21:19:40,low
731,user_0731,0.0906,0.0906,False,2025-11-07 21:19:40,low
732,user_0732,0.0983,0.0983,False,2025-11-15 21:19:40,low
733,user_0733,0.2084,0.2084,False,2025-11-30 21:19:40,low
734,user_0734,0.6646,0.6646,False,2025-12-01 21:19:40,medium
735,user_0735,0.552,0.552,False,2025-11-24 21:19:40,medium
736,user_0736,0.3929,0.3929,False,2025-11-26 21:19:40,medium
737,user_0737,0.0744,0.0744,False,2025-11-07 21:19:40,low
738,user_0738,0.1143,0.1143,False,2025-11-15 21:19:40,low
739,user_0739,0.4808,0.4808,False,2025-12-01 21:19:40,medium
740,user_0740,0.2917,0.2917,False,2025-11-26 21:19:40,low
741,user_0741,0.4073,0.4073,False,2025-11-20 21:19:40,medium
742,user_0742,0.2211,0.2211,False,2025-12-03 21:19:40,low
743,user_0743,0.2044,0.2044,False,2025-11-23 21:19:40,low
744,user_0744,0.3145,0.3145,False,2025-11-17 21:19:40,medium
745,user_0745,0.1463,0.1463,False,2025-11-27 21:19:40,low
746,user_0746,0.2268,0.2268,False,2025-11-29 21:19:40,low
747,user_0747,0.2411,0.2411,False,2025-12-05 21:19:40,low
748,user_0748,0.176,0.176,False,2025-11-20 21:19:40,low
749,user_0749,0.3822,0.3822,False,2025-11-18 21:19:40,medium
750,user_0750,0.4417,0.4417,False,2025-11-07 21:19:40,medium
751,user_0751,0.4708,0.4708,False,2025-11-14 21:19:40,medium
752,user_0752,0.2098,0.2098,False,2025-11-08 21:19:40,low
753,user_0753,0.1576,0.1576,False,2025-11-12 21:19:40,low
754,user_0754,0.1904,0.1904,False,2025-11-24 21:19:40,low
755,user_0755,0.3083,0.3083,False,2025-12-03 21:19:40,medium
756,user_0756,0.1782,0.1782,False,2025-11-12 21:19:40,low
757,user_0757,0.4246,0.4246,False,2025-11-23 21:19:40,medium
758,user_0758,0.6594,0.6594,False,2025-11-18 21:19:40,medium
759,user_0759,0.2753,0.2753,False,2025-11-13 21:19:40,low
760,user_0760,0.1595,0.1595,False,2025-11-13 21:19:40,low
761,user_0761,0.471,0.471,False,2025-11-22 21:19:40,medium
762,user_0762,0.1255,0.1255,False,2025-11-24 21:19:40,low
763,user_0763,0.3663,0.3663,False,2025-11-20 21:19:40,medium
764,user_0764,0.2879,0.2879,False,2025-11-13 21:19:40,low
765,user_0765,0.7348,0.7348,True,2025-11-13 21:19:40,high
766,user_0766,0.5894,0.5894,False,2025-12-04 21:19:40,medium
767,user_0767,0.3711,0.3711,False,2025-11-19 21:19:40,medium
768,user_0768,0.4023,0.4023,False,2025-11-06 21:19:40,medium
769,user_0769,0.1237,0.1237,False,2025-11-08 21:19:40,low
770,user_0770,0.4811,0.4811,False,2025-12-01 21:19:40,medium
771,user_0771,0.2112,0.2112,False,2025-11-26 21:19:40,low
772,user_0772,0.2096,0.2096,False,2025-12-02 21:19:40,low
773,user_0773,0.0411,0.0411,False,2025-11-08 21:19:40,low
774,user_0774,0.1886,0.1886,False,2025-11-24 21:19:40,low
775,user_0775,0.2262,0.2262,False,2025-11-09 21:19:40,low
776,user_0776,0.1241,0.1241,False,2025-11-28 21:19:40,low
777,user_0777,0.1159,0.1159,False,2025-11-21 21:19:40,low
778,user_0778,0.1822,0.1822,False,2025-11-11 21:19:40,low
779,user_0779,0.4775,0.4775,False,2025-11-21 21:19:40,medium
780,user_0780,0.35,0.35,False,2025-11-25 21:19:40,medium
781,user_0781,0.3624,0.3624,False,2025-11-26 21:19:40,medium
782,user_0782,0.4408,0.4408,False,2025-11-23 21:19:40,medium
783,user_0783,0.2813,0.2813,False,2025-12-04 21:19:40,low
784,user_0784,0.5122,0.5122,False,2025-11-24 21:19:40,medium
785,user_0785,0.1888,0.1888,False,2025-11-14 21:19:40,low
786,user_0786,0.4527,0.4527,False,2025-11-26 21:19:40,medium
787,user_0787,0.2531,0.2531,False,2025-11-27 21:19:40,low
788,user_0788,0.202,0.202,False,2025-12-05 21:19:40,low
789,user_0789,0.2245,0.2245,False,2025-11-10 21:19:40,low
790,user_0790,0.1103,0.1103,False,2025-11-12 21:19:40,low
791,user_0791,0.3782,0.3782,False,2025-11-21 21:19:40,medium
792,user_0792,0.1299,0.1299,False,2025-11-15 21:19:40,low
793,user_0793,0.2075,0.2075,False,2025-12-02 21:19:40,low
794,user_0794,0.4714,0.4714,False,2025-12-03 21:19:40,medium
795,user_0795,0.2341,0.2341,False,2025-12-02 21:19:40,low
796,user_0796,0.516,0.516,False,2025-11-19 21:19:40,medium
797,user_0797,0.2731,0.2731,False,2025-11-16 21:19:40,low
798,user_0798,0.2377,0.2377,False,2025-11-20 21:19:40,low
799,user_0799,0.2706,0.2706,False,2025-11-21 21:19:40,low
800,user_0800,0.6688,0.6688,False,2025-11-20 21:19:40,medium
801,user_0801,0.0843,0.0843,False,2025-11-11 21:19:40,low
802,user_0802,0.3766,0.3766,False,2025-11-23 21:19:40,medium
803,user_0803,0.549,0.549,False,2025-11-08 21:19:40,medium
804,user_0804,0.3336,0.3336,False,2025-12-05 21:19:40,medium
805,user_0805,0.1117,0.1117,False,2025-11-30 21:19:40,low
806,user_0806,0.334,0.334,False,2025-11-26 21:19:40,medium
807,user_0807,0.1896,0.1896,False,2025-11-22 21:19:40,low
808,user_0808,0.1968,0.1968,False,2025-11-18 21:19:40,low
809,user_0809,0.339,0.339,False,2025-11-18 21:19:40,medium
810,user_0810,0.471,0.471,False,2025-11-24 21:19:40,medium
811,user_0811,0.6859,0.6859,False,2025-11-19 21:19:40,medium
812,user_0812,0.3508,0.3508,False,2025-11-12 21:19:40,medium
813,user_0813,0.2017,0.2017,False,2025-11-07 21:19:40,low
814,user_0814,0.0426,0.0426,False,2025-11-17 21:19:40,low
815,user_0815,0.2038,0.2038,False,2025-11-12 21:19:40,low
816,user_0816,0.3742,0.3742,False,2025-11-10 21:19:40,medium
817,user_0817,0.1368,0.1368,False,2025-11-08 21:19:40,low
818,user_0818,0.4348,0.4348,False,2025-11-21 21:19:40,medium
819,user_0819,0.572,0.572,False,2025-11-18 21:19:40,medium
820,user_0820,0.1246,0.1246,False,2025-11-15 21:19:40,low
821,user_0821,0.4411,0.4411,False,2025-11-20 21:19:40,medium
822,user_0822,0.0789,0.0789,False,2025-11-18 21:19:40,low
823,user_0823,0.3627,0.3627,False,2025-11-10 21:19:40,medium
824,user_0824,0.2951,0.2951,False,2025-11-26 21:19:40,low
825,user_0825,0.5818,0.5818,False,2025-11-17 21:19:40,medium
826,user_0826,0.5472,0.5472,False,2025-11-08 21:19:40,medium
827,user_0827,0.2479,0.2479,False,2025-11-15 21:19:40,low
828,user_0828,0.2786,0.2786,False,2025-11-21 21:19:40,low
829,user_0829,0.1951,0.1951,False,2025-11-09 21:19:40,low
830,user_0830,0.5172,0.5172,False,2025-11-24 21:19:40,medium
831,user_0831,0.1077,0.1077,False,2025-11-23 21:19:40,low
832,user_0832,0.0811,0.0811,False,2025-11-10 21:19:40,low
833,user_0833,0.4355,0.4355,False,2025-11-07 21:19:40,medium
834,user_0834,0.2691,0.2691,False,2025-11-22 21:19:40,low
835,user_0835,0.2643,0.2643,False,2025-11-10 21:19:40,low
836,user_0836,0.3669,0.3669,False,2025-11-17 21:19:40,medium
837,user_0837,0.2352,0.2352,False,2025-11-13 21:19:40,low
838,user_0838,0.0318,0.0318,False,2025-11-14 21:19:40,low
839,user_0839,0.3206,0.3206,False,2025-11-18 21:19:40,medium
840,user_0840,0.3147,0.3147,False,2025-11-08 21:19:40,medium
841,user_0841,0.0894,0.0894,False,2025-11-18 21:19:40,low
842,user_0842,0.2808,0.2808,False,2025-11-28 21:19:40,low
843,user_0843,0.3003,0.3003,False,2025-11-27 21:19:40,medium
844,user_0844,0.2732,0.2732,False,2025-11-22 21:19:40,low
845,user_0845,0.1295,0.1295,False,2025-11-09 21:19:40,low
846,user_0846,0.4286,0.4286,False,2025-11-24 21:19:40,medium
847,user_0847,0.4434,0.4434,False,2025-12-03 21:19:40,medium
848,user_0848,0.468,0.468,False,2025-11-26 21:19:40,medium
849,user_0849,0.4123,0.4123,False,2025-11-29 21:19:40,medium
850,user_0850,0.2202,0.2202,False,2025-11-21 21:19:40,low
851,user_0851,0.4427,0.4427,False,2025-11-22 21:19:40,medium
852,user_0852,0.451,0.451,False,2025-11-19 21:19:40,medium
853,user_0853,0.3081,0.3081,False,2025-12-04 21:19:40,medium
854,user_0854,0.5448,0.5448,False,2025-11-15 21:19:40,medium
855,user_0855,0.1474,0.1474,False,2025-12-04 21:19:40,low
856,user_0856,0.2897,0.2897,False,2025-11-21 21:19:40,low
857,user_0857,0.0965,0.0965,False,2025-11-29 21:19:40,low
858,user_0858,0.433,0.433,False,2025-12-01 21:19:40,medium
859,user_0859,0.1086,0.1086,False,2025-11-26 21:19:40,low
860,user_0860,0.3296,0.3296,False,2025-11-19 21:19:40,medium
861,user_0861,0.3661,0.3661,False,2025-11-24 21:19:40,medium
862,user_0862,0.5057,0.5057,False,2025-11-16 21:19:40,medium
863,user_0863,0.175,0.175,False,2025-11-09 21:19:40,low
864,user_0864,0.2837,0.2837,False,2025-11-13 21:19:40,low
865,user_0865,0.3608,0.3608,False,2025-11-14 21:19:40,medium
866,user_0866,0.1154,0.1154,False,2025-12-03 21:19:40,low
867,user_0867,0.2192,0.2192,False,2025-11-12 21:19:40,low
868,user_0868,0.4638,0.4638,False,2025-11-28 21:19:40,medium
869,user_0869,0.0555,0.0555,False,2025-11-23 21:19:40,low
870,user_0870,0.1745,0.1745,False,2025-11-27 21:19:40,low
871,user_0871,0.3275,0.3275,False,2025-11-26 21:19:40,medium
872,user_0872,0.3727,0.3727,False,2025-11-07 21:19:40,medium
873,user_0873,0.1892,0.1892,False,2025-11-19 21:19:40,low
874,user_0874,0.0882,0.0882,False,2025-11-08 21:19:40,low
875,user_0875,0.238,0.238,False,2025-12-04 21:19:40,low
876,user_0876,0.2511,0.2511,False,2025-11-15 21:19:40,low
877,user_0877,0.1851,0.1851,False,2025-11-17 21:19:40,low
878,user_0878,0.1474,0.1474,False,2025-11-14 21:19:40,low
879,user_0879,0.2901,0.2901,False,2025-11-13 21:19:40,low
880,user_0880,0.1486,0.1486,False,2025-11-29 21:19:40,low
881,user_0881,0.2938,0.2938,False,2025-11-13 21:19:40,low
882,user_0882,0.3588,0.3588,False,2025-11-12 21:19:40,medium
883,user_0883,0.3297,0.3297,False,2025-11-30 21:19:40,medium
884,user_0884,0.4628,0.4628,False,2025-11-16 21:19:40,medium
885,user_0885,0.0952,0.0952,False,2025-11-10 21:19:40,low
886,user_0886,0.1166,0.1166,False,2025-11-12 21:19:40,low
887,user_0887,0.3783,0.3783,False,2025-11-27 21:19:40,medium
888,user_0888,0.4205,0.4205,False,2025-11-21 21:19:40,medium
889,user_0889,0.3961,0.3961,False,2025-11-30 21:19:40,medium
890,user_0890,0.3012,0.3012,False,2025-11-10 21:19:40,medium
891,user_0891,0.3477,0.3477,False,2025-11-06 21:19:40,medium
892,user_0892,0.4006,0.4006,False,2025-11-22 21:19:40,medium
893,user_0893,0.344,0.344,False,2025-12-01 21:19:40,medium
894,user_0894,0.3622,0.3622,False,2025-12-02 21:19:40,medium
895,user_0895,0.4626,0.4626,False,2025-11-21 21:19:40,medium
896,user_0896,0.2448,0.2448,False,2025-11-19 21:19:40,low
897,user_0897,0.2886,0.2886,False,2025-11-27 21:19:40,low
898,user_0898,0.2839,0.2839,False,2025-12-01 21:19:40,low
899,user_0899,0.4232,0.4232,False,2025-11-06 21:19:40,medium
900,user_0900,0.3084,0.3084,False,2025-11-13 21:19:40,medium
901,user_0901,0.2764,0.2764,False,2025-11-29 21:19:40,low
902,user_0902,0.4527,0.4527,False,2025-11-08 21:19:40,medium
903,user_0903,0.1727,0.1727,False,2025-11-07 21:19:40,low
904,user_0904,0.2282,0.2282,False,2025-12-05 21:19:40,low
905,user_0905,0.4075,0.4075,False,2025-11-12 21:19:40,medium
906,user_0906,0.3989,0.3989,False,2025-11-18 21:19:40,medium
907,user_0907,0.6672,0.6672,False,2025-12-02 21:19:40,medium
908,user_0908,0.1797,0.1797,False,2025-11-27 21:19:40,low
909,user_0909,0.1596,0.1596,False,2025-11-17 21:19:40,low
910,user_0910,0.5494,0.5494,False,2025-11-09 21:19:40,medium
911,user_0911,0.1094,0.1094,False,2025-11-10 21:19:40,low
912,user_0912,0.3842,0.3842,False,2025-11-30 21:19:40,medium
913,user_0913,0.5212,0.5212,False,2025-11-11 21:19:40,medium
914,user_0914,0.3703,0.3703,False,2025-11-13 21:19:40,medium
915,user_0915,0.1531,0.1531,False,2025-11-06 21:19:40,low
916,user_0916,0.2253,0.2253,False,2025-11-13 21:19:40,low
917,user_0917,0.2208,0.2208,False,2025-11-13 21:19:40,low
918,user_0918,0.1346,0.1346,False,2025-11-23 21:19:40,low
919,user_0919,0.4554,0.4554,False,2025-12-02 21:19:40,medium
920,user_0920,0.1448,0.1448,False,2025-11-16 21:19:40,low
921,user_0921,0.5464,0.5464,False,2025-11-26 21:19:40,medium
922,user_0922,0.2093,0.2093,False,2025-11-15 21:19:40,low
923,user_0923,0.0595,0.0595,False,2025-11-07 21:19:40,low
924,user_0924,0.2056,0.2056,False,2025-11-19 21:19:40,low
925,user_0925,0.371,0.371,False,2025-12-02 21:19:40,medium
926,user_0926,0.0969,0.0969,False,2025-11-14 21:19:40,low
927,user_0927,0.2808,0.2808,False,2025-11-14 21:19:40,low
928,user_0928,0.3627,0.3627,False,2025-12-03 21:19:40,medium
929,user_0929,0.4352,0.4352,False,2025-11-28 21:19:40,medium
930,user_0930,0.2316,0.2316,False,2025-11-23 21:19:40,low
931,user_0931,0.0795,0.0795,False,2025-11-12 21:19:40,low
932,user_0932,0.3232,0.3232,False,2025-11-27 21:19:40,medium
933,user_0933,0.4651,0.4651,False,2025-11-21 21:19:40,medium
934,user_0934,0.1246,0.1246,False,2025-11-22 21:19:40,low
935,user_0935,0.4622,0.4622,False,2025-12-04 21:19:40,medium
936,user_0936,0.1344,0.1344,False,2025-11-07 21:19:40,low
937,user_0937,0.228,0.228,False,2025-11-15 21:19:40,low
938,user_0938,0.5889,0.5889,False,2025-11-14 21:19:40,medium
939,user_0939,0.1136,0.1136,False,2025-11-22 21:19:40,low
940,user_0940,0.1883,0.1883,False,2025-11-22 21:19:40,low
941,user_0941,0.2408,0.2408,False,2025-11-20 21:19:40,low
942,user_0942,0.3305,0.3305,False,2025-11-11 21:19:40,medium
943,user_0943,0.2258,0.2258,False,2025-11-10 21:19:40,low
944,user_0944,0.251,0.251,False,2025-11-25 21:19:40,low
945,user_0945,0.4326,0.4326,False,2025-11-06 21:19:40,medium
946,user_0946,0.2748,0.2748,False,2025-11-12 21:19:40,low
947,user_0947,0.1677,0.1677,False,2025-12-03 21:19:40,low
948,user_0948,0.5379,0.5379,False,2025-11-09 21:19:40,medium
949,user_0949,0.138,0.138,False,2025-11-10 21:19:40,low
950,user_0950,0.1235,0.1235,False,2025-11-27 21:19:40,low
951,user_0951,0.3116,0.3116,False,2025-12-04 21:19:40,medium
952,user_0952,0.17,0.17,False,2025-11-27 21:19:40,low
953,user_0953,0.0461,0.0461,False,2025-11-08 21:19:40,low
954,user_0954,0.1638,0.1638,False,2025-11-07 21:19:40,low
955,user_0955,0.3487,0.3487,False,2025-11-14 21:19:40,medium
956,user_0956,0.4081,0.4081,False,2025-11-25 21:19:40,medium
957,user_0957,0.1233,0.1233,False,2025-11-11 21:19:40,low
958,user_0958,0.2905,0.2905,False,2025-11-22 21:19:40,low
959,user_0959,0.3589,0.3589,False,2025-11-19 21:19:40,medium
960,user_0960,0.2878,0.2878,False,2025-12-01 21:19:40,low
961,user_0961,0.636,0.636,False,2025-11-14 21:19:40,medium
962,user_0962,0.2936,0.2936,False,2025-11-16 21:19:40,low
963,user_0963,0.2543,0.2543,False,2025-11-15 21:19:40,low
964,user_0964,0.1683,0.1683,False,2025-11-07 21:19:40,low
965,user_0965,0.4578,0.4578,False,2025-11-15 21:19:40,medium
966,user_0966,0.3077,0.3077,False,2025-12-04 21:19:40,medium
967,user_0967,0.0993,0.0993,False,2025-12-04 21:19:40,low
968,user_0968,0.2108,0.2108,False,2025-11-07 21:19:40,low
969,user_0969,0.3739,0.3739,False,2025-11-07 21:19:40,medium
970,user_0970,0.1916,0.1916,False,2025-12-02 21:19:40,low
971,user_0971,0.1323,0.1323,False,2025-11-14 21:19:40,low
972,user_0972,0.3011,0.3011,False,2025-11-14 21:19:40,medium
973,user_0973,0.1602,0.1602,False,2025-11-28 21:19:40,low
974,user_0974,0.306,0.306,False,2025-11-17 21:19:40,medium
975,user_0975,0.2001,0.2001,False,2025-11-27 21:19:40,low
976,user_0976,0.246,0.246,False,2025-11-28 21:19:40,low
977,user_0977,0.2321,0.2321,False,2025-11-30 21:19:40,low
978,user_0978,0.3117,0.3117,False,2025-12-03 21:19:40,medium
979,user_0979,0.5067,0.5067,False,2025-11-06 21:19:40,medium
980,user_0980,0.201,0.201,False,2025-11-25 21:19:40,low
981,user_0981,0.1239,0.1239,False,2025-11-20 21:19:40,low
982,user_0982,0.3432,0.3432,False,2025-12-03 21:19:40,medium
983,user_0983,0.1699,0.1699,False,2025-11-25 21:19:40,low
984,user_0984,0.5695,0.5695,False,2025-12-03 21:19:40,medium
985,user_0985,0.331,0.331,False,2025-11-18 21:19:40,medium
986,user_0986,0.3487,0.3487,False,2025-11-14 21:19:40,medium
987,user_0987,0.2838,0.2838,False,2025-11-12 21:19:40,low
988,user_0988,0.1923,0.1923,False,2025-11-19 21:19:40,low
989,user_0989,0.1838,0.1838,False,2025-11-15 21:19:40,low
990,user_0990,0.1507,0.1507,False,2025-11-17 21:19:40,low
991,user_0991,0.1263,0.1263,False,2025-11-11 21:19:40,low
992,user_0992,0.5254,0.5254,False,2025-11-22 21:19:40,medium
993,user_0993,0.1609,0.1609,False,2025-12-05 21:19:40,low
994,user_0994,0.1571,0.1571,False,2025-11-26 21:19:40,low
995,user_0995,0.258,0.258,False,2025-11-14 21:19:40,low
996,user_0996,0.3947,0.3947,False,2025-11-18 21:19:40,medium
997,user_0997,0.3576,0.3576,False,2025-12-02 21:19:40,medium
998,user_0998,0.5059,0.5059,False,2025-11-09 21:19:40,medium
999,user_0999,0.2967,0.2967,False,2025-12-01 21:19:40,low
1000,user_1000,0.185,0.185,False,2025-12-03 21:19:40,low
